-- phpMyAdmin SQL Dump
-- version 5.1.1deb5ubuntu1
-- https://www.phpmyadmin.net/
--
-- Хост: localhost:3306
-- Время создания: Ноя 13 2024 г., 01:56
-- Версия сервера: 8.0.39-0ubuntu0.22.04.1
-- Версия PHP: 8.1.2-1ubuntu2.19

SET SQL_MODE = "NO_AUTO_VALUE_ON_ZERO";
START TRANSACTION;
SET time_zone = "+00:00";


/*!40101 SET @OLD_CHARACTER_SET_CLIENT=@@CHARACTER_SET_CLIENT */;
/*!40101 SET @OLD_CHARACTER_SET_RESULTS=@@CHARACTER_SET_RESULTS */;
/*!40101 SET @OLD_COLLATION_CONNECTION=@@COLLATION_CONNECTION */;
/*!40101 SET NAMES utf8mb4 */;

--
-- База данных: `user`
--

-- --------------------------------------------------------

--
-- Структура таблицы `access`
--

CREATE TABLE `access` (
  `id` int NOT NULL,
  `position_id` int NOT NULL,
  `user_type` varchar(100) COLLATE utf8mb4_general_ci NOT NULL,
  `ad` tinyint(1) NOT NULL,
  `email` tinyint(1) NOT NULL,
  `bitrix24` tinyint(1) NOT NULL,
  `sm_gl` tinyint(1) NOT NULL,
  `sm_local` tinyint(1) NOT NULL,
  `1CERP` tinyint(1) NOT NULL,
  `1CRTL` tinyint(1) NOT NULL,
  `1CZUP` tinyint(1) NOT NULL
) ENGINE=InnoDB DEFAULT CHARSET=utf8mb4 COLLATE=utf8mb4_general_ci;

--
-- Дамп данных таблицы `access`
--

INSERT INTO `access` (`id`, `position_id`, `user_type`, `ad`, `email`, `bitrix24`, `sm_gl`, `sm_local`, `1CERP`, `1CRTL`, `1CZUP`) VALUES
(1, 1, 'Должность+Магазин', 1, 1, 1, 0, 1, 0, 0, 1),
(2, 2, 'ФИО', 1, 1, 1, 0, 0, 1, 0, 0),
(3, 3, 'ФИО', 1, 1, 1, 1, 1, 1, 0, 1),
(4, 4, 'ФИО', 0, 0, 0, 0, 0, 0, 0, 0),
(5, 5, 'ФИО', 0, 0, 0, 0, 0, 0, 0, 0),
(6, 7, 'ФИО', 1, 1, 1, 0, 0, 1, 0, 0),
(7, 9, 'ФИО', 1, 1, 1, 0, 0, 1, 0, 1),
(8, 11, 'ФИО', 1, 1, 1, 0, 0, 1, 0, 0),
(9, 12, 'ФИО', 1, 1, 1, 0, 0, 1, 0, 1),
(10, 13, 'ФИО', 1, 1, 1, 0, 0, 0, 0, 0),
(11, 14, 'ФИО', 1, 1, 1, 0, 0, 1, 0, 0),
(12, 15, 'ФИО', 1, 1, 1, 0, 0, 0, 0, 0),
(13, 16, 'ФИО', 1, 1, 1, 0, 0, 1, 0, 0),
(14, 17, 'ФИО', 1, 1, 1, 0, 0, 1, 0, 0),
(15, 18, 'ФИО', 1, 1, 1, 0, 0, 0, 0, 0),
(16, 19, 'ФИО', 1, 1, 1, 0, 0, 1, 0, 1),
(17, 20, 'ФИО', 1, 1, 1, 0, 0, 1, 0, 0),
(18, 22, 'ФИО', 1, 1, 1, 0, 0, 1, 0, 0),
(19, 23, 'ФИО', 1, 1, 1, 0, 0, 0, 0, 0),
(20, 25, 'ФИО', 1, 1, 1, 0, 0, 0, 0, 0),
(21, 1, 'Должность+Магазин', 1, 1, 1, 0, 1, 0, 0, 1),
(22, 2, 'ФИО', 1, 1, 1, 0, 0, 1, 0, 0),
(23, 3, 'ФИО', 1, 1, 1, 1, 1, 1, 0, 1),
(24, 5, 'ФИО', 0, 0, 0, 0, 0, 0, 0, 0),
(25, 7, 'ФИО', 1, 1, 1, 0, 0, 1, 0, 0),
(26, 9, 'ФИО', 1, 1, 1, 0, 0, 1, 0, 1),
(27, 11, 'ФИО', 1, 1, 1, 0, 0, 1, 0, 0),
(28, 12, 'ФИО', 1, 1, 1, 0, 0, 1, 0, 1),
(29, 13, 'ФИО', 1, 1, 1, 0, 0, 0, 0, 0),
(30, 14, 'ФИО', 1, 1, 1, 0, 0, 1, 0, 0),
(31, 15, 'ФИО', 1, 1, 1, 0, 0, 0, 0, 0),
(32, 16, 'ФИО', 1, 1, 1, 0, 0, 1, 0, 0),
(33, 17, 'ФИО', 1, 1, 1, 0, 0, 1, 0, 0),
(34, 18, 'ФИО', 1, 1, 1, 0, 0, 0, 0, 0),
(35, 19, 'ФИО', 1, 1, 1, 0, 0, 1, 0, 1),
(36, 20, 'ФИО', 1, 1, 1, 0, 0, 1, 0, 0),
(37, 22, 'ФИО', 1, 1, 1, 0, 0, 1, 0, 0),
(38, 23, 'ФИО', 1, 1, 1, 0, 0, 0, 0, 0),
(39, 25, 'ФИО', 1, 1, 1, 0, 0, 0, 0, 0),
(40, 27, 'ФИО', 1, 1, 1, 1, 0, 1, 1, 0),
(41, 28, 'ФИО', 1, 1, 1, 1, 0, 1, 1, 0),
(42, 30, 'ФИО', 1, 1, 1, 1, 0, 1, 0, 0),
(43, 31, 'ФИО', 1, 1, 1, 1, 0, 1, 0, 0),
(44, 32, 'ФИО', 1, 1, 1, 1, 0, 1, 0, 0),
(45, 34, 'ФИО', 1, 1, 1, 1, 0, 1, 0, 0),
(46, 35, 'ФИО', 1, 1, 1, 1, 0, 1, 0, 0),
(47, 36, 'ФИО', 1, 1, 1, 1, 0, 1, 0, 0),
(48, 37, 'ФИО', 1, 1, 1, 1, 0, 1, 0, 0),
(49, 38, 'ФИО', 1, 1, 1, 1, 0, 1, 0, 0),
(50, 39, 'ФИО', 1, 1, 1, 1, 0, 1, 0, 0),
(51, 40, 'ФИО', 1, 1, 1, 1, 0, 1, 0, 0),
(52, 41, 'ФИО', 1, 1, 1, 1, 0, 1, 0, 0),
(53, 43, 'ФИО', 1, 1, 1, 1, 1, 1, 0, 0),
(54, 44, 'ФИО', 1, 1, 1, 0, 1, 1, 0, 0),
(55, 45, 'ФИО', 1, 1, 1, 1, 1, 1, 0, 0),
(56, 46, 'ФИО', 1, 1, 1, 1, 1, 0, 0, 0),
(57, 48, 'ФИО', 1, 1, 1, 1, 1, 1, 0, 1),
(58, 49, 'ФИО', 1, 1, 1, 1, 1, 0, 0, 0),
(59, 50, 'ФИО', 1, 1, 1, 0, 1, 1, 0, 0),
(60, 51, 'ФИО', 1, 1, 1, 1, 1, 1, 0, 0),
(61, 53, 'ФИО', 1, 1, 1, 0, 0, 1, 0, 1),
(62, 54, 'ФИО', 1, 1, 1, 0, 0, 1, 0, 1),
(63, 56, 'ФИО', 1, 1, 1, 0, 0, 1, 0, 0),
(64, 58, 'ФИО', 1, 1, 1, 0, 0, 1, 0, 0),
(65, 66, 'ФИО', 1, 1, 1, 0, 0, 1, 0, 0),
(66, 67, 'ФИО', 0, 0, 0, 0, 0, 1, 0, 0),
(67, 71, 'ФИО', 0, 0, 0, 0, 0, 1, 0, 0),
(68, 73, 'ФИО', 1, 1, 1, 0, 0, 1, 0, 0),
(69, 85, 'ФИО', 0, 0, 0, 0, 0, 1, 0, 0),
(70, 86, 'ФИО', 0, 0, 0, 0, 0, 1, 0, 0),
(71, 91, 'Должность+Магазин', 1, 1, 1, 0, 1, 0, 0, 1),
(72, 92, 'ФИО', 1, 1, 1, 1, 1, 1, 0, 1),
(73, 96, 'Должность+Магазин', 1, 1, 1, 0, 1, 0, 0, 0),
(74, 106, 'ФИО', 1, 1, 1, 0, 0, 1, 0, 1),
(75, 107, 'ФИО', 1, 1, 1, 0, 0, 1, 0, 0),
(76, 109, 'ФИО', 1, 1, 1, 0, 0, 1, 0, 1),
(77, 110, 'ФИО', 1, 1, 1, 0, 0, 1, 0, 0),
(78, 112, 'ФИО', 1, 1, 1, 1, 0, 1, 0, 0),
(79, 113, 'ФИО', 1, 1, 1, 1, 1, 1, 1, 0),
(80, 115, 'ФИО', 1, 1, 1, 1, 0, 1, 1, 0),
(81, 117, 'ФИО', 1, 1, 1, 1, 0, 1, 1, 1),
(82, 118, 'ФИО', 1, 1, 1, 1, 0, 1, 1, 1),
(83, 119, 'ФИО', 1, 1, 1, 1, 0, 1, 1, 0),
(84, 120, 'ФИО', 1, 1, 1, 1, 0, 1, 0, 1),
(85, 122, 'ФИО', 1, 1, 1, 0, 0, 1, 0, 1),
(86, 123, 'ФИО', 1, 1, 1, 0, 0, 1, 0, 1),
(87, 125, 'ФИО', 1, 1, 1, 0, 0, 1, 0, 1),
(88, 126, 'ФИО', 1, 1, 1, 0, 0, 1, 0, 1),
(89, 128, 'ФИО', 1, 1, 1, 0, 0, 1, 0, 0),
(90, 130, 'ФИО', 1, 1, 1, 0, 0, 1, 0, 0),
(91, 131, 'ФИО', 1, 1, 1, 0, 0, 1, 0, 0),
(92, 132, 'ФИО', 1, 1, 1, 0, 0, 0, 0, 0),
(93, 133, 'ФИО', 1, 1, 1, 0, 0, 1, 1, 1),
(94, 135, 'ФИО', 1, 1, 1, 1, 0, 1, 0, 1),
(95, 137, 'ФИО', 0, 0, 0, 0, 0, 1, 0, 0),
(96, 138, 'ФИО', 0, 0, 0, 0, 0, 1, 0, 0),
(97, 139, 'ФИО', 0, 0, 0, 0, 0, 1, 0, 0),
(98, 143, 'ФИО', 1, 1, 1, 0, 0, 1, 0, 0),
(99, 144, 'ФИО', 1, 1, 1, 0, 0, 1, 0, 1),
(100, 145, 'ФИО', 1, 1, 1, 0, 0, 1, 0, 0),
(101, 147, 'ФИО', 1, 1, 1, 0, 0, 1, 0, 1),
(102, 149, 'ФИО', 1, 1, 1, 0, 0, 0, 0, 0),
(103, 150, 'ФИО', 1, 1, 1, 0, 0, 1, 0, 0),
(104, 156, 'ФИО', 1, 1, 1, 0, 0, 1, 0, 1),
(105, 157, 'ФИО', 1, 1, 1, 0, 0, 1, 0, 1),
(106, 158, 'ФИО', 1, 1, 1, 0, 0, 1, 0, 1),
(107, 159, 'ФИО', 1, 1, 1, 0, 0, 1, 0, 1),
(108, 160, 'ФИО', 1, 1, 1, 0, 0, 1, 0, 1),
(109, 161, 'ФИО', 1, 1, 1, 0, 0, 1, 0, 1),
(110, 162, 'ФИО', 1, 1, 1, 0, 0, 1, 0, 1),
(111, 163, 'ФИО', 1, 1, 1, 0, 0, 0, 0, 0),
(112, 167, 'ФИО', 1, 1, 1, 0, 0, 1, 0, 1),
(113, 168, 'ФИО', 1, 1, 1, 0, 0, 1, 0, 1),
(114, 169, 'ФИО', 1, 1, 1, 0, 0, 1, 0, 1),
(115, 170, 'ФИО', 1, 1, 1, 0, 0, 1, 0, 1),
(116, 171, 'ФИО', 1, 1, 1, 0, 0, 1, 0, 1),
(117, 173, 'ФИО', 1, 1, 1, 0, 0, 0, 0, 0),
(118, 174, 'Должность+Магазин', 1, 1, 1, 0, 1, 0, 0, 0),
(119, 175, 'Должность+Магазин', 1, 1, 1, 0, 1, 0, 0, 0),
(120, 176, 'Должность+Магазин', 1, 1, 1, 0, 1, 0, 0, 0),
(121, 178, 'ФИО', 1, 1, 1, 0, 0, 0, 0, 0),
(122, 179, 'ФИО', 1, 1, 1, 0, 0, 1, 0, 0),
(123, 192, 'ФИО', 1, 1, 1, 0, 0, 0, 0, 0),
(124, 194, 'ФИО', 1, 1, 1, 0, 0, 1, 0, 1),
(125, 195, 'ФИО', 1, 1, 1, 0, 0, 1, 0, 0),
(126, 196, 'ФИО', 1, 1, 1, 0, 0, 1, 0, 0),
(127, 197, 'ФИО', 1, 1, 1, 0, 0, 1, 0, 0),
(128, 198, 'ФИО', 1, 1, 1, 0, 0, 1, 0, 0),
(129, 199, 'ФИО', 1, 1, 1, 0, 0, 1, 0, 0),
(130, 200, 'ФИО', 1, 1, 1, 0, 0, 1, 0, 1),
(131, 201, 'ФИО', 1, 1, 1, 0, 0, 1, 0, 1),
(132, 202, 'ФИО', 1, 1, 1, 0, 0, 1, 0, 1),
(133, 204, 'ФИО', 1, 1, 1, 0, 0, 1, 0, 0),
(134, 205, 'ФИО', 1, 1, 1, 0, 0, 1, 0, 1),
(135, 206, 'ФИО', 1, 1, 1, 0, 0, 1, 0, 1),
(136, 210, 'ФИО', 1, 1, 1, 0, 0, 0, 0, 0),
(137, 211, 'ФИО', 1, 1, 1, 0, 0, 1, 0, 0),
(138, 213, 'ФИО', 0, 0, 0, 0, 0, 0, 0, 0),
(139, 214, 'ФИО', 1, 1, 1, 0, 0, 1, 0, 0),
(140, 216, 'ФИО', 1, 1, 1, 0, 0, 1, 0, 0),
(141, 217, 'ФИО', 1, 1, 1, 0, 0, 1, 0, 0),
(142, 218, 'ФИО', 1, 1, 1, 0, 0, 1, 0, 0),
(143, 219, 'ФИО', 1, 1, 1, 0, 0, 1, 0, 0),
(144, 220, 'ФИО', 0, 0, 0, 0, 0, 1, 0, 0),
(145, 221, 'ФИО', 1, 1, 1, 0, 0, 0, 0, 0),
(146, 222, 'ФИО', 1, 1, 1, 0, 0, 1, 0, 0),
(147, 223, 'ФИО', 1, 1, 1, 0, 0, 1, 0, 0),
(148, 224, 'ФИО', 1, 1, 1, 0, 0, 1, 0, 1),
(149, 225, 'ФИО', 1, 1, 1, 0, 0, 1, 0, 1),
(150, 227, 'ФИО', 1, 1, 1, 0, 0, 1, 0, 1),
(151, 228, 'ФИО', 1, 1, 1, 0, 0, 1, 0, 1),
(152, 229, 'ФИО', 1, 1, 1, 0, 0, 1, 0, 1),
(153, 234, 'ФИО', 1, 1, 1, 0, 0, 1, 0, 0),
(154, 236, 'ФИО', 1, 1, 1, 1, 0, 1, 0, 0),
(155, 242, 'ФИО', 0, 0, 0, 0, 0, 1, 0, 0),
(156, 243, 'ФИО', 1, 1, 1, 0, 0, 1, 0, 1),
(157, 244, 'ФИО', 1, 1, 1, 0, 0, 1, 0, 0),
(158, 245, 'ФИО', 1, 1, 1, 0, 0, 1, 0, 1),
(159, 246, 'ФИО', 1, 1, 1, 0, 0, 1, 0, 0),
(160, 247, 'ФИО', 1, 1, 1, 0, 0, 1, 0, 1),
(161, 248, 'ФИО', 0, 0, 0, 0, 0, 1, 0, 0),
(162, 249, 'ФИО', 1, 1, 1, 0, 0, 1, 0, 1),
(163, 258, 'ФИО', 1, 1, 1, 0, 0, 1, 0, 1),
(164, 259, 'ФИО', 1, 1, 1, 0, 0, 1, 0, 0),
(165, 260, 'ФИО', 1, 1, 1, 0, 0, 0, 0, 0),
(166, 261, 'ФИО', 1, 1, 1, 0, 0, 0, 0, 0),
(167, 262, 'ФИО', 1, 1, 1, 0, 0, 1, 0, 1),
(168, 263, 'ФИО', 1, 1, 1, 0, 0, 1, 0, 0),
(169, 264, 'ФИО', 1, 1, 1, 0, 0, 0, 0, 0),
(170, 265, 'ФИО', 1, 1, 1, 0, 0, 1, 0, 1),
(171, 272, 'ФИО', 1, 1, 1, 0, 0, 1, 0, 1),
(172, 280, 'ФИО', 1, 1, 1, 0, 0, 0, 0, 0),
(173, 281, 'ФИО', 1, 1, 1, 0, 0, 0, 0, 0),
(174, 282, 'ФИО', 1, 1, 1, 0, 0, 0, 0, 0),
(175, 322, 'ФИО', 1, 1, 1, 0, 0, 0, 0, 0),
(176, 287, 'ФИО', 1, 1, 1, 0, 0, 0, 0, 1),
(177, 291, 'ФИО', 1, 1, 1, 0, 0, 0, 0, 0),
(178, 292, 'ФИО', 1, 1, 1, 0, 0, 0, 0, 0),
(179, 293, 'ФИО', 1, 1, 1, 0, 0, 1, 0, 1),
(180, 294, 'ФИО', 1, 1, 1, 0, 0, 1, 0, 0),
(181, 296, 'ФИО', 1, 1, 1, 0, 0, 0, 0, 0),
(182, 297, 'ФИО', 1, 1, 1, 0, 0, 1, 0, 0),
(183, 299, 'ФИО', 1, 1, 1, 0, 0, 0, 0, 0),
(184, 300, 'ФИО', 1, 1, 1, 0, 0, 1, 0, 1),
(185, 302, 'ФИО', 1, 1, 1, 0, 0, 1, 0, 1),
(186, 303, 'ФИО', 1, 1, 1, 0, 0, 1, 0, 1),
(187, 304, 'ФИО', 1, 1, 1, 0, 0, 0, 0, 0),
(188, 306, 'ФИО', 1, 1, 1, 0, 0, 1, 0, 0),
(189, 307, 'ФИО', 1, 1, 1, 0, 0, 1, 0, 0),
(190, 310, 'ФИО', 1, 1, 1, 0, 0, 1, 0, 0),
(191, 312, 'ФИО', 1, 1, 1, 0, 0, 1, 0, 0),
(192, 313, 'ФИО', 0, 0, 0, 0, 0, 1, 0, 0),
(193, 314, 'ФИО', 0, 0, 0, 0, 0, 0, 0, 0),
(194, 324, 'ФИО', 1, 1, 1, 1, 0, 1, 0, 1),
(195, 325, 'ФИО', 1, 1, 1, 0, 0, 1, 0, 1),
(196, 326, 'ФИО', 1, 1, 1, 0, 0, 1, 0, 1),
(197, 327, 'ФИО', 1, 1, 1, 0, 0, 1, 0, 1),
(198, 328, 'ФИО', 1, 1, 1, 0, 0, 1, 0, 1),
(199, 329, 'ФИО', 1, 1, 1, 0, 0, 1, 0, 1),
(200, 330, 'ФИО', 1, 1, 1, 0, 0, 0, 0, 0),
(201, 331, 'ФИО', 1, 1, 1, 0, 0, 1, 0, 1),
(202, 332, 'ФИО', 1, 1, 1, 0, 0, 0, 0, 0),
(203, 333, 'ФИО', 1, 1, 1, 0, 0, 1, 0, 0),
(204, 335, 'ФИО', 1, 1, 1, 0, 0, 1, 0, 0),
(205, 336, 'ФИО', 1, 1, 1, 0, 0, 1, 0, 0),
(206, 337, 'ФИО', 1, 1, 1, 0, 0, 1, 0, 0),
(207, 338, 'ФИО', 0, 0, 0, 0, 0, 1, 0, 0),
(208, 339, 'ФИО', 1, 1, 1, 0, 0, 1, 0, 1),
(209, 340, 'ФИО', 1, 1, 1, 0, 0, 0, 0, 0),
(210, 344, 'ФИО', 0, 0, 0, 0, 0, 1, 0, 0),
(211, 345, 'ФИО', 1, 1, 1, 0, 0, 1, 0, 0),
(212, 346, 'ФИО', 1, 1, 1, 0, 0, 1, 0, 1),
(213, 347, 'ФИО', 1, 1, 1, 0, 0, 1, 0, 1),
(214, 348, 'ФИО', 1, 1, 1, 0, 0, 1, 0, 1),
(215, 349, 'ФИО', 1, 1, 1, 0, 0, 1, 1, 1),
(216, 352, 'ФИО', 1, 1, 1, 0, 0, 0, 0, 0),
(217, 355, 'ФИО', 0, 0, 0, 0, 0, 1, 0, 0),
(218, 356, 'ФИО', 1, 1, 1, 0, 0, 1, 0, 0),
(219, 357, 'ФИО', 1, 1, 1, 0, 0, 1, 0, 0),
(220, 360, 'ФИО', 0, 0, 0, 0, 0, 0, 0, 0),
(221, 363, 'ФИО', 0, 0, 0, 0, 0, 1, 0, 0),
(222, 364, 'ФИО', 1, 1, 1, 0, 0, 1, 0, 1),
(223, 365, 'ФИО', 1, 1, 1, 0, 0, 1, 0, 0),
(224, 366, 'ФИО', 1, 1, 1, 0, 0, 1, 0, 1),
(225, 370, 'ФИО', 1, 1, 1, 0, 0, 1, 0, 0),
(226, 371, 'ФИО', 1, 1, 1, 0, 0, 1, 0, 0),
(227, 373, 'ФИО', 1, 1, 1, 0, 0, 1, 0, 0),
(228, 374, 'ФИО', 1, 1, 1, 0, 0, 1, 0, 0),
(229, 378, 'ФИО', 1, 1, 1, 0, 0, 1, 0, 0),
(230, 379, 'ФИО', 0, 0, 0, 0, 0, 1, 0, 0),
(231, 382, 'ФИО', 0, 0, 0, 0, 0, 1, 0, 0),
(232, 383, 'ФИО', 1, 1, 1, 0, 0, 1, 0, 0),
(233, 384, 'ФИО', 0, 0, 0, 0, 0, 1, 0, 0),
(234, 389, 'ФИО', 1, 1, 0, 0, 0, 1, 0, 0),
(235, 390, 'ФИО', 1, 1, 0, 0, 0, 1, 0, 0),
(236, 391, 'ФИО', 0, 0, 0, 0, 0, 1, 0, 0),
(237, 392, 'ФИО', 0, 0, 0, 0, 0, 1, 0, 0),
(238, 393, 'ФИО', 0, 0, 0, 0, 0, 1, 0, 0),
(239, 395, 'ФИО', 0, 0, 0, 0, 0, 1, 0, 0),
(240, 398, 'ФИО', 0, 0, 0, 0, 0, 0, 0, 0),
(241, 397, 'ФИО', 1, 1, 1, 0, 0, 1, 0, 0),
(242, 398, 'ФИО', 1, 1, 1, 0, 0, 1, 0, 0),
(243, 399, 'ФИО', 0, 0, 0, 0, 0, 1, 0, 0),
(244, 401, 'ФИО', 0, 0, 0, 0, 0, 1, 0, 0),
(245, 402, 'ФИО', 0, 0, 0, 0, 0, 1, 0, 0),
(246, 403, 'ФИО', 0, 0, 0, 0, 0, 1, 0, 0),
(247, 404, 'ФИО', 1, 1, 1, 0, 0, 1, 0, 1),
(248, 405, 'ФИО', 1, 1, 1, 0, 0, 1, 0, 0),
(249, 414, 'ФИО', 1, 1, 1, 0, 1, 1, 0, 1),
(250, 420, 'ФИО', 1, 1, 1, 0, 0, 1, 1, 0),
(251, 434, 'ФИО', 0, 0, 0, 0, 0, 1, 0, 0),
(252, 442, 'ФИО', 1, 1, 1, 0, 0, 0, 0, 0),
(253, 443, 'ФИО', 1, 1, 1, 0, 0, 1, 0, 0),
(254, 444, 'ФИО', 1, 1, 1, 0, 0, 0, 0, 0),
(255, 445, 'ФИО', 1, 1, 1, 0, 0, 1, 1, 0),
(256, 446, 'ФИО', 1, 1, 1, 0, 0, 1, 0, 0),
(257, 447, 'ФИО', 1, 1, 1, 0, 0, 1, 0, 0),
(258, 448, 'ФИО', 1, 1, 1, 0, 0, 1, 0, 0),
(259, 450, 'ФИО', 1, 1, 1, 0, 0, 1, 0, 0),
(260, 451, 'ФИО', 1, 1, 1, 0, 0, 1, 0, 0),
(261, 452, 'ФИО', 1, 1, 1, 0, 0, 0, 0, 0),
(262, 454, 'ФИО', 1, 1, 1, 0, 0, 1, 0, 0),
(263, 455, 'ФИО', 1, 1, 1, 0, 0, 1, 0, 0),
(264, 457, 'ФИО', 1, 1, 1, 0, 0, 1, 0, 1),
(265, 458, 'ФИО', 1, 1, 1, 0, 0, 1, 0, 0),
(266, 459, 'ФИО', 1, 1, 1, 0, 0, 0, 0, 0),
(267, 460, 'ФИО', 1, 1, 1, 0, 0, 0, 0, 0),
(268, 461, 'ФИО', 1, 1, 1, 0, 0, 0, 0, 0),
(269, 462, 'ФИО', 1, 1, 1, 0, 0, 1, 0, 1),
(270, 463, 'ФИО', 1, 1, 1, 0, 0, 1, 0, 0),
(271, 464, 'ФИО', 1, 1, 1, 0, 0, 1, 0, 0),
(272, 465, 'ФИО', 1, 1, 1, 0, 0, 1, 0, 0),
(273, 468, 'ФИО', 0, 0, 0, 0, 0, 1, 0, 0),
(274, 470, 'ФИО', 1, 1, 1, 0, 0, 1, 0, 0),
(275, 482, 'ФИО', 1, 1, 1, 0, 0, 1, 0, 0),
(276, 483, 'ФИО', 1, 1, 1, 0, 0, 1, 0, 0),
(277, 484, 'ФИО', 1, 1, 1, 0, 0, 0, 0, 0),
(278, 485, 'ФИО', 1, 1, 1, 0, 0, 1, 0, 0),
(279, 492, 'ФИО', 1, 1, 1, 0, 0, 1, 0, 1),
(280, 498, 'ФИО', 1, 1, 1, 0, 0, 0, 0, 0),
(281, 500, 'ФИО', 1, 1, 1, 0, 0, 1, 0, 1),
(282, 502, 'ФИО', 1, 1, 1, 0, 0, 1, 0, 1);

-- --------------------------------------------------------

--
-- Структура таблицы `department`
--

CREATE TABLE `department` (
  `id` int NOT NULL,
  `name` varchar(255) COLLATE utf8mb4_general_ci NOT NULL
) ENGINE=InnoDB DEFAULT CHARSET=utf8mb4 COLLATE=utf8mb4_general_ci;

--
-- Дамп данных таблицы `department`
--

INSERT INTO `department` (`id`, `name`) VALUES
(1, 'СРЕДА'),
(2, 'БУХГАЛТЕРИЯ - ПЗ НИКОЛАЕВСКИЙ'),
(3, 'ГК БИН'),
(4, 'ИНЖЕНЕРНО-ТЕХНИЧЕСКИЙ ОТДЕЛ'),
(5, 'ИНТЕРНЕТ - МАГАЗИНЫ'),
(6, 'ИТ ЛАБОРАТОРИЯ'),
(7, 'КАТЕГОРИЙНЫЕ - СУПЕРМАРКЕТЫ'),
(8, 'КОММЕРЧЕСКИЙ - ДИСКАУНТЕРЫ'),
(9, 'КОММЕРЧЕСКИЙ ОТДЕЛ - СУПЕРМАРКЕТЫ'),
(10, 'КРО УЛАН-УДЭ'),
(11, 'КРО ЧИТА'),
(12, 'КУЛИНАРИЯ - УЛАН-УДЭ'),
(13, 'КУЛИНАРИЯ - ЧИТА'),
(14, 'МАГАЗИНЫ ШАГОВОЙ ДОСТУПНОСТИ'),
(15, 'МЯСНОЙ ЦЕХ'),
(16, 'ОБП - СУПЕРМАРКЕТЫ'),
(17, 'ООУ УЛАН-УДЭ'),
(18, 'ООУ ЧИТА'),
(19, 'ОТДЕЛ БУХГАЛТЕРСКОГО УЧЕТА'),
(20, 'ОТДЕЛ КАДРОВ УЛАН-УДЭ'),
(21, 'ОТДЕЛ КАДРОВ ЧИТА'),
(22, 'ОТДЕЛ ЛОГИСТИКИ - ЧИТА'),
(23, 'ОТДЕЛ ОПЕРАТИВНОГО УЧЕТА'),
(24, 'ОТДЕЛ ПЛАНИРОВАНИЯ И БЮДЖЕТИРОВАНИЯ'),
(25, 'ОТДЕЛ РАЗВИТИЯ'),
(26, 'ОТДЕЛ СБЫТА'),
(27, 'РАСЧЕТНАЯ ГРУППА'),
(28, 'СБ РТС УЛАН-УДЭ'),
(29, 'СБЕ ДИСКАУНТЕРЫ'),
(30, 'СБЕ ИТ'),
(31, 'СБЕ КУЛИНАРИЯ'),
(32, 'СБЕ ЛОГИСТИКА'),
(33, 'МЕНЕДЖЕРЫ ПО ЗАКУПУ (РТС)'),
(34, 'СБЕ МЯСНОЕ ПРОИЗВОДСТВО'),
(35, 'СБЕ ПЗ НИКОЛАЕВСКИЙ'),
(36, 'СБЕ СЕРВИС'),
(37, 'СБЕ СУПЕРМАРКЕТЫ'),
(38, 'СБЕ ХЛЕБНОЕ ПРОИЗВОДСТВО'),
(39, 'СКЛАД ВВ - УЛАН-УДЭ'),
(40, 'СКЛАД РЦ - ВОКЗАЛЬНАЯ'),
(41, 'СКЛАД РЦ - ЛАЗО 116'),
(42, 'СКЛАД РЦ - ЛАЗО 3'),
(43, 'СКЛАД РЦ - УЛАН-УДЭ'),
(44, 'СКЛАД ФРОВ - УЛАН-УДЭ'),
(45, 'СУПЕРМАРКЕТЫ'),
(46, 'ТЕХНИЧЕСКАЯ ГРУППА (УЛАН-УДЭ)'),
(47, 'ТЕХНИЧЕСКАЯ ГРУППА (ЧИТА)'),
(48, 'УПРАВЛЕНИЕ КОММЕРЧЕСКОГО РАЗВИТИЯ'),
(49, 'УПРАВЛЕНИЕ МАРКЕТИНГА'),
(50, 'ФАБРИКА КУХНИ'),
(51, 'ЦЕНТР РАЗРАБОТКИ И СОПРОВОЖДЕНИЯ ПО'),
(52, 'ЦЕХ ОБВАЛКИ'),
(53, 'ЦЕХ ОХЛАЖДЕННОЙ ПРОДУКЦИИ'),
(54, 'ЮРИДИЧЕСКИЙ ОТДЕЛ'),
(55, 'ООАРП - СУПЕРМАРКЕТЫ'),
(56, 'МЕНЕДЖЕРЫ ПО ЗАКУПУ (РЦ)');

-- --------------------------------------------------------

--
-- Структура таблицы `position`
--

CREATE TABLE `position` (
  `id` int NOT NULL,
  `name` varchar(255) COLLATE utf8mb4_general_ci NOT NULL,
  `department_id` int NOT NULL
) ENGINE=InnoDB DEFAULT CHARSET=utf8mb4 COLLATE=utf8mb4_general_ci;

--
-- Дамп данных таблицы `position`
--

INSERT INTO `position` (`id`, `name`, `department_id`) VALUES
(1, 'Администратор магазина', 1),
(2, 'Ведущий специалист по маркетингу', 1),
(3, 'Генеральный директор', 1),
(4, 'Повар (Фаст-Фуд)', 1),
(5, 'Специалист торгового зала 2 категории', 1),
(7, 'Бухгалтер', 2),
(8, 'Бухгалтер', 3),
(9, 'Генеральный директор', 3),
(11, 'Главный механик', 4),
(12, 'Инженер', 4),
(13, 'Механик по оборудованию', 4),
(14, 'Оператор диспетчерской службы', 4),
(15, 'Помощник мастера по ремонту и обслуживанию холодильного оборудования', 4),
(16, 'Руководитель', 4),
(17, 'Руководитель хозяйственно-технической группы', 4),
(18, 'Специалист', 4),
(19, 'Специалист по охране труда и пожарной безопасности', 4),
(20, 'Энергетик', 4),
(22, 'Менеджер', 5),
(23, 'Сборщик заказов', 5),
(25, 'Техник-программист', 6),
(27, 'Менеджер', 7),
(28, 'Менеджер по закупу', 7),
(30, 'Коммерческий директор', 8),
(31, 'Менеджер', 8),
(32, 'Менеджер - категорийный', 8),
(34, 'Генеральный директор', 9),
(35, 'Коммерческий директор', 9),
(36, 'Менеджер', 9),
(37, 'Менеджер - категорийный', 9),
(38, 'Менеджер по качеству', 9),
(39, 'Оператор', 9),
(40, 'Продакт-менеджер', 9),
(41, 'Старший менеджер-категорийный', 9),
(43, 'Аудитор РТС', 10),
(44, 'Ревизор', 10),
(45, 'Ревизор (Аналитик)', 10),
(46, 'Помощник ревизора', 10),
(48, 'Аудитор РТС', 11),
(49, 'Директор торгово-розничной сети', 11),
(50, 'Ревизор', 11),
(51, 'Ревизор (Аналитик)', 11),
(53, 'Бухгалтер-оператор', 12),
(54, 'Директор по производству', 12),
(55, 'Кухонный работник', 12),
(56, 'Менеджер по закупу', 12),
(57, 'Мойщик посуды', 12),
(58, 'Операционный директор', 12),
(59, 'Повар', 12),
(60, 'Повар (универсал)', 12),
(61, 'Повар (Фаст-Фуд)', 12),
(62, 'Продавец', 12),
(63, 'Шеф-повар', 12),
(65, 'Грузчик', 13),
(66, 'Заведующий производством', 13),
(67, 'Кладовщик', 13),
(68, 'Кондитер', 13),
(69, 'Контролер производства', 13),
(70, 'Кухонный работник', 13),
(71, 'Мастер цеха', 13),
(72, 'Мойщик посуды', 13),
(73, 'Оператор 1с', 13),
(74, 'Пекарь', 13),
(75, 'Повар (горячего цеха)', 13),
(76, 'Повар (мясного цеха)', 13),
(77, 'Повар (мясо-рыбный цех)', 13),
(78, 'Повар (столовая)', 13),
(79, 'Повар (Сушист)', 13),
(80, 'Повар (Фаст-Фуд)', 13),
(81, 'Повар (холодного цеха)', 13),
(82, 'Сотрудник ОПВС', 13),
(83, 'Специалист торгового зала', 13),
(84, 'Старший пекарь', 13),
(85, 'Технолог полуфабрикатов и кулинарных изделий', 13),
(86, 'Технолог хлебобулочных и кондитерских изделий', 13),
(87, 'Уборщик производственных помещений', 13),
(88, 'Фасовщик', 13),
(89, 'Фасовщик (бригадир)', 13),
(91, 'Администратор магазина', 14),
(92, 'Директор магазина', 14),
(93, 'Контролер торгового зала 2 категории', 14),
(94, 'Контролер торгового зала 3 категории', 14),
(95, 'Повар (Фаст-Фуд)', 14),
(96, 'Приемщик товара', 14),
(97, 'Специалист торгового зала 1 категории', 14),
(98, 'Специалист торгового зала 2 категории', 14),
(99, 'Специалист торгового зала 3 категории', 14),
(100, 'Старший специалист торгового зала 1 категории', 14),
(101, 'Старший специалист торгового зала 2 категории', 14),
(102, 'Старший специалист торгового зала 3 категории', 14),
(104, 'Изготовитель мясных полуфабрикатов (распиловщик мясопродуктов) 1 разряда', 15),
(105, 'Изготовитель мясных полуфабрикатов (распиловщик мясопродуктов) 3 разряда', 15),
(106, 'Мастер цеха', 15),
(107, 'Оператор программы 1С', 15),
(109, 'Генеральный директор', 16),
(110, 'Директор магазина', 16),
(112, 'Менеджер по закупу', 17),
(113, 'Оператор', 17),
(115, 'Оператор-логист', 18),
(117, 'Бухгалтер', 19),
(118, 'Бухгалтер 2 категории', 19),
(119, 'Ведущий специалист', 19),
(120, 'Главный бухгалтер', 19),
(122, 'Ведущий специалист кадрового делопроизводства', 20),
(123, 'Менеджер по персоналу', 20),
(125, 'Ведущий специалист кадрового делопроизводства', 21),
(126, 'Специалист кадрового делопроизводства', 21),
(128, 'Оператор (склада)', 22),
(130, 'Аналитик', 23),
(131, 'Менеджер (по закупу товара и логистике)', 23),
(132, 'Менеджер по закупу', 23),
(133, 'Руководитель', 23),
(135, 'Начальник отдела (Управления учета и отчетности)', 24),
(136, 'Начальник отдела (Управления учета и отчетности)', 25),
(137, 'Менеджер по продажам', 25),
(138, 'Менеджер по развитию (СТМ)', 25),
(139, 'Специалист', 25),
(141, 'Грузчик', 26),
(142, 'Грузчик-кладовщик', 26),
(143, 'Кладовщик', 26),
(144, 'Начальник отдела сбыта', 26),
(145, 'Оператор программы 1С', 26),
(147, 'Бухгалтер', 27),
(149, 'Сотрудник ПКБ', 28),
(150, 'Старший сотрудник ПКБ', 28),
(152, 'Администратор', 29),
(153, 'Администратор (сельская местность)', 29),
(154, 'Администратор магазина', 29),
(155, 'Администратор Фреш', 29),
(156, 'Директор магазина', 29),
(157, 'Директор магазинов (Дивизионнальный руководитель)', 29),
(158, 'Директор магазинов по Забайкальскому краю', 29),
(159, 'Директор магазина (сельская местность)', 29),
(160, 'Директор отделов ФРЕШ', 29),
(161, 'Заместитель директора магазинов', 29),
(162, 'Заместитель директора магазинов по Забайкальскому краю', 29),
(163, 'Заместитель директора по развитию', 29),
(164, 'Кладовщик', 29),
(165, 'Контролер торгового зала', 29),
(166, 'Контролер торгового зала 2 категории', 29),
(167, 'Менеджер по персоналу', 29),
(168, 'Менеджер по подбору персонала', 29),
(169, 'Операционный директор по г.Чита', 29),
(170, 'Операционный директор по Забайкальскому краю', 29),
(171, 'Операционный директор по Республике Бурятия', 29),
(172, 'Повар-продавец', 29),
(173, 'помощник руководителя по общим вопросам', 29),
(174, 'Приемщик', 29),
(175, 'Приемщик (сельская местность)', 29),
(176, 'Приемщик товара', 29),
(177, 'Работник торгового зала', 29),
(178, 'Ревизор-аналитик', 29),
(179, 'Руководитель по общим вопросам', 29),
(180, 'Специалист', 29),
(181, 'Специалист торгового зала', 29),
(182, 'Специалист торгового зала 1 категории', 29),
(183, 'Специалист торгового зала 2 категории', 29),
(184, 'Специалист торгового зала 2 категории (сельская местность)', 29),
(185, 'Специалист торгового зала 3 категории', 29),
(186, 'Специалист торгового зала 3 категории (сельская местность)', 29),
(187, 'Старший смены контроля', 29),
(188, 'Старший специалист торгового зала', 29),
(189, 'Старший специалист торгового зала (сельская местность)', 29),
(190, 'Старший специалист торгового зала 1 категории', 29),
(191, 'Старший специалист торгового зала 2 категории', 29),
(192, 'Технический сотрудник', 29),
(194, 'Аналитик данных', 30),
(195, 'Бухгалтер', 30),
(196, 'Генеральный директор', 30),
(197, 'Главный бухгалтер', 30),
(198, 'Директор по маркетингу', 30),
(199, 'Руководитель (СМ)', 30),
(200, 'Руководитель отдела кадров', 30),
(201, 'Руководитель расчетной группы', 30),
(202, 'Системный аналитик', 30),
(204, 'Генеральный директор', 31),
(205, 'Директор производства', 31),
(206, 'Технолог (проектировщик)', 31),
(208, 'автослесарь', 32),
(209, 'Водитель автомобиля', 32),
(210, 'Бухгалтер', 32),
(211, 'Ветеринарный врач', 32),
(212, 'Водитель автомобилей', 32),
(213, 'Водитель автомобиля', 32),
(214, 'Главный механик', 32),
(215, 'Грузчик', 32),
(216, 'Диспетчер автомобильного транспорта', 32),
(217, 'Диспетчер учетный', 32),
(218, 'Заведующий производством', 32),
(219, 'Заведующий хозяйством', 32),
(220, 'Контрольный механик', 32),
(221, 'Медицинский работник', 32),
(222, 'Менеджер внешней экономической деятельности', 32),
(223, 'Мерчендайзер', 32),
(224, 'Начальник отделения (хранения)', 32),
(225, 'Начальник службы безопасности', 32),
(226, 'Охранник', 32),
(227, 'Руководитель отдела логистики Улан-Удэ', 32),
(228, 'Руководитель службы экономической безопасности', 32),
(229, 'Специалист', 32),
(230, 'Уборщик производственных и служебных помещений', 32),
(231, 'Уборщик территории', 32),
(232, 'Фасовщик', 32),
(233, 'Электрик', 32),
(234, 'Юрист', 32),
(236, 'Менеджер по закупу', 33),
(238, 'Аппаратчик замораживания пищевого сырья и продуктов', 34),
(239, 'Упаковщик 2 разряда', 34),
(240, 'Аппаратчик термической обработки мясопродуктов 1 разряда', 34),
(241, 'Аппаратчик термической обработки мясопродуктов 2 разряда', 34),
(242, 'Бригадир', 34),
(243, 'Бухгалтер', 34),
(244, 'Генеральный директор предприятия', 34),
(245, 'Главный бухгалтер', 34),
(246, 'Главный менеджер по качеству', 34),
(247, 'Главный технолог', 34),
(248, 'Грузчик', 34),
(249, 'Заведующая столовой', 34),
(250, 'Изготовитель мясных деликатесов 1 разряда', 34),
(251, 'Изготовитель мясных деликатесов 2 разряда', 34),
(252, 'Изготовитель мясных деликатесов 3 разряда', 34),
(253, 'Изготовитель мясных полуфабрикатов', 34),
(254, 'Изготовитель мясных полуфабрикатов 1 разряда', 34),
(255, 'Изготовитель мясных полуфабрикатов 2 разряда', 34),
(256, 'Изготовитель мясных полуфабрикатов 3 разряда', 34),
(257, 'Кладовщик', 34),
(258, 'Менеджер по закупу', 34),
(259, 'Менеджер по качеству', 34),
(260, 'Менеджер по персоналу', 34),
(261, 'Механик по оборудованию', 34),
(262, 'Начальник отделения (Колбасного производства)', 34),
(263, 'Начальник отделения (снабжения)', 34),
(264, 'Начальник отделения (технического)', 34),
(265, 'Начальник цеха мясных полуфабрикатов', 34),
(266, 'Оператор автомата по производству вареных колбас', 34),
(267, 'Оператор автомата по производству полуфабрикатов', 34),
(268, 'Оператор линии приготовления фарша', 34),
(269, 'Повар', 34),
(270, 'Подсобный рабочий', 34),
(271, 'Помощник кладовщика', 34),
(272, 'Технолог', 34),
(273, 'Уборщик производственных и служебных помещений', 34),
(274, 'Уборщик производственных помещений', 34),
(275, 'Упаковщик', 34),
(276, 'Упаковщик (бригадир)', 34),
(277, 'Упаковщик 1 разряда', 34),
(278, 'Упаковщик 2 разряда', 34),
(279, 'Упаковщик 3 разряда', 34),
(280, 'Экономист', 34),
(281, 'Электромеханик', 34),
(282, 'Этикеровщик', 34),
(284, 'Оператор животноводческих комплексов и механизированных ферм', 35),
(285, 'Аппаратчик комбикормового производства', 35),
(286, 'Боец скота', 35),
(287, 'Бригадир', 35),
(288, 'Буфетчик', 35),
(289, 'Водитель', 35),
(290, 'Водитель автомобиля', 35),
(291, 'Генеральный директор', 35),
(292, 'гл. ветврач', 35),
(293, 'Главный бухгалтер', 35),
(294, 'Главный инженер', 35),
(295, 'Грузчик', 35),
(296, 'Заведующий буфетом', 35),
(297, 'Заведующий отделом (кормов)', 35),
(298, 'зам. бригадира', 35),
(299, 'Заместитель главного ветврача', 35),
(300, 'Заместитель директора (по производству)', 35),
(301, 'Изготовитель натуральной колбасной оболочки', 35),
(302, 'Исполнительный директор', 35),
(303, 'Кассир', 35),
(304, 'Медицинский работник по предрейсовому и послерейсовому мед. осмотру водителей', 35),
(305, 'Мойщик-дезинфектор', 35),
(306, 'Начальник отдела (коммерческого)', 35),
(307, 'Начальник управления ( правовой , договорной и административной работы)', 35),
(308, 'Обработчик шкур', 35),
(309, 'Оператор животноводческих комплексов и механизированных ферм', 35),
(310, 'Офис-менеджер', 35),
(311, 'Подсобный рабочий', 35),
(312, 'Снабженец', 35),
(313, 'Сотрудник ПКБ', 35),
(314, 'Старший оператор животноводческих комплексов и механизированных ферм', 35),
(315, 'Старший сотрудник ПКБ', 35),
(316, 'Тракторист', 35),
(317, 'Уборщик производственных помещений', 35),
(318, 'Уборщик служебных и производственных помещений', 35),
(319, 'Фасовщик', 35),
(320, 'Электрогазосварщик', 35),
(321, 'Электромонтер по ремонту и обслуживанию электрооборудования', 35),
(322, 'Аппаратчик комбикормового производства', 35),
(324, 'Аналитик бизнес процессов', 36),
(325, 'Ведущий специалист', 36),
(326, 'Ведущий специалист по финансовому контролю', 36),
(327, 'Ведущий Экономист', 36),
(328, 'Генеральный директор', 36),
(329, 'Заместитель генерального директора', 36),
(330, 'Офис-менеджер', 36),
(331, 'Руководитель', 36),
(332, 'Генеральный директор', 37),
(333, 'Офис-менеджер', 37),
(334, 'Уборщик служебных помещений', 37),
(335, 'Юрист', 37),
(336, 'Генеральный директор', 38),
(337, 'Главный бухгалтер', 38),
(338, 'Грузчик', 38),
(339, 'Директор по производству', 38),
(340, 'Кладовщик (Сырья)', 38),
(341, 'Кондитер 2 разряда', 38),
(342, 'Кондитер 3 разряда', 38),
(343, 'Кондитер 4 разряда', 38),
(344, 'Кондитер 5 разряда', 38),
(345, 'Мастер цеха', 38),
(346, 'Менеджер по бизнес процессам', 38),
(347, 'Менеджер по закупу', 38),
(348, 'Менеджер по персоналу', 38),
(349, 'Менеджер по рекламе', 38),
(350, 'Механик по обслуживанию оборудования', 38),
(351, 'Мойщик', 38),
(352, 'Оператор программы 1С', 38),
(353, 'Пекарь 3 разряда', 38),
(354, 'Пекарь 4 разряда', 38),
(355, 'Пекарь 5 разряда', 38),
(356, 'Старший кладовщик', 38),
(357, 'Технолог (хлебобулочных изделий)', 38),
(358, 'Уборщик производственных помещений', 38),
(359, 'Упаковщик', 38),
(360, 'Фасовщик', 38),
(361, 'Фасовщик (сборщик)', 38),
(363, 'Грузчик', 39),
(364, 'Заведующий складом', 39),
(365, 'Кладовщик', 39),
(366, 'Руководитель комплекса складов', 39),
(368, 'Водитель погрузчика', 40),
(369, 'Товаровед', 40),
(370, 'Заведующий складом', 40),
(371, 'Кладовщик', 40),
(372, 'Комплектовщик (склада)', 40),
(373, 'Оператор (склада)', 40),
(374, 'Товаровед', 40),
(375, 'Водитель автомобилей', 41),
(376, 'Водитель автомобиля (часовая ставка)', 41),
(377, 'Водитель погрузчика', 41),
(378, 'Заведующий складом', 41),
(379, 'Кладовщик', 41),
(380, 'Комплектовщик (склада)', 41),
(381, 'Контролер (склада)', 41),
(382, 'Механик', 41),
(383, 'Оператор (склада)', 41),
(384, 'Товаровед', 41),
(385, 'Фасовщик', 41),
(386, 'Экспедитор по перевозке грузов', 41),
(388, 'Водитель погрузчика', 42),
(389, 'Заведующий складом', 42),
(390, 'Кладовщик', 42),
(391, 'Комплектовщик (склада)', 42),
(392, 'Оператор (склада)', 42),
(393, 'Товаровед', 42),
(395, 'Грузчик', 43),
(396, 'Товаровед ', 43),
(397, 'Кладовщик', 43),
(398, 'Товаровед', 43),
(399, 'Учетчик по отгрузке товаров (на складе)', 43),
(401, 'Грузчик', 44),
(402, 'Кладовщик', 44),
(403, 'Комплектовщик', 44),
(404, 'Руководитель комплекса складов', 44),
(405, 'Товаровед', 44),
(407, 'Администратор', 45),
(408, 'Администратор магазина', 45),
(409, 'Администратор мобильного подразделения', 45),
(410, 'Бариста', 45),
(411, 'Бармен', 45),
(412, 'Бригадир', 45),
(413, 'Дворник', 45),
(414, 'Директор магазина', 45),
(415, 'Заведующий отделом', 45),
(416, 'Кондитер', 45),
(417, 'Контролер торгового зала', 45),
(418, 'Контролер торгового зала 2 категории', 45),
(419, 'Контролер торгового зала 3 категории', 45),
(420, 'оператор 1 категории', 45),
(421, 'Пекарь', 45),
(422, 'Повар (универсал)', 45),
(423, 'Повар (Фаст-Фуд)', 45),
(424, 'Приемщик', 45),
(425, 'Приемщик товара', 45),
(426, 'Продавец (Фуд-Корта)', 45),
(427, 'Сборщик заказов интернет-магазина', 45),
(428, 'Специалист торгового зала', 45),
(429, 'Специалист торгового зала (ИМ)', 45),
(430, 'Специалист торгового зала 1 категории', 45),
(431, 'Специалист торгового зала 2 категории', 45),
(432, 'Специалист торгового зала 3 категории', 45),
(433, 'Старший кассир', 45),
(434, 'Старший специалист торгового зала', 45),
(435, 'Старший специалист торгового зала (ИМ)', 45),
(436, 'Старший специалист торгового зала 1 категории', 45),
(437, 'Старший специалист торгового зала 2 категории', 45),
(438, 'Старший специалист торгового зала 3 категории', 45),
(439, 'Технический сотрудник', 45),
(440, 'Уборщик производственных помещений', 45),
(442, 'Ведущий инженер-программист', 46),
(443, 'Ведущий инженер-системотехник', 46),
(444, 'Инженер технической поддержки', 46),
(445, 'Инженер-программист', 46),
(446, 'Системный администратор', 46),
(447, 'Старший системный администратор', 46),
(448, 'Технический руководитель ИТ', 46),
(450, 'Ведущий инженер-системотехник', 47),
(451, 'Инженер-системотехник', 47),
(452, 'Технический руководитель ИТ', 47),
(454, 'Генеральный директор', 48),
(455, 'Менеджер по закупу', 48),
(457, 'Аналитик', 49),
(458, 'Ведущий специалист', 49),
(459, 'Дизайнер', 49),
(460, 'младший специалист отдела маркетинга', 49),
(461, 'Оператор', 49),
(462, 'Руководитель', 49),
(463, 'Руководитель (Дискаутеры)', 49),
(464, 'Специалист', 49),
(465, 'Специалист 1 категории', 49),
(467, 'Заведующий производством', 50),
(468, 'Кладовщик', 50),
(469, 'Кухонный работник', 50),
(470, 'Мастер цеха', 50),
(471, 'Мойщик посуды', 50),
(472, 'Пекарь', 50),
(473, 'Повар (горячего цеха)', 50),
(474, 'Повар (мясного цеха)', 50),
(475, 'Повар (Сушист)', 50),
(476, 'Повар (Фаст-Фуд)', 50),
(477, 'Повар (холодного цеха)', 50),
(478, 'Специалист службы безопасности', 50),
(479, 'Уборщик производственных помещений', 50),
(480, 'Фасовщик', 50),
(481, 'Фасовщик (сборщик)', 50),
(482, 'Ведущий инженер-программист', 51),
(483, 'Инженер поддержки пользователей', 51),
(484, 'Инженер-программист', 51),
(485, 'Руководитель', 51),
(486, 'Грузчик', 52),
(487, 'Дворник', 52),
(488, 'Жиловщик мясопродуктов', 52),
(489, 'Изготовитель мясных полуфабрикатов', 52),
(490, 'Изготовитель мясных полуфабрикотов (1 разряда)', 52),
(491, 'Кладовщик', 52),
(492, 'Мастер цеха', 52),
(493, 'Оператор моющей машины', 52),
(494, 'Помощник жиловщика мясопродуктов', 52),
(495, 'Резчик мясопродуктов', 52),
(496, 'Уборщик производственных помещений', 52),
(497, 'Грузчик', 53),
(498, 'Заведующий цеха охлажденной продукции', 53),
(499, 'Изготовитель натуральных полуфабрикатов  1 разряда', 53),
(500, 'Мастер цеха', 53),
(501, 'Уборщик производственных помещений', 53),
(502, 'Главный специалист по охране труда и пожарной безопасности', 54),
(503, 'Фасовщик (бригадир)', 50);

-- --------------------------------------------------------

--
-- Структура таблицы `userinfo`
--

CREATE TABLE `userinfo` (
  `id` int NOT NULL,
  `full_name` varchar(64) DEFAULT NULL,
  `login` varchar(64) CHARACTER SET utf8mb4 COLLATE utf8mb4_0900_ai_ci DEFAULT NULL,
  `phone` varchar(20) DEFAULT NULL,
  `department` varchar(64) CHARACTER SET utf8mb4 COLLATE utf8mb4_0900_ai_ci DEFAULT NULL,
  `position` varchar(64) CHARACTER SET utf8mb4 COLLATE utf8mb4_0900_ai_ci DEFAULT NULL,
  `tgId` bigint DEFAULT NULL,
  `status` tinyint(1) NOT NULL DEFAULT (false)
) ENGINE=InnoDB DEFAULT CHARSET=utf8mb4 COLLATE=utf8mb4_0900_ai_ci;

--
-- Дамп данных таблицы `userinfo`
--

INSERT INTO `userinfo` (`id`, `full_name`, `login`, `phone`, `department`, `position`, `tgId`, `status`) VALUES
(1, 'Майдарханов Цырендоржо Лопсонович', 't.maydarkhanov', '79140526551', 'ИТ-отдел', 'Техник-программист', 792860811, 1),
(3, 'Шагдуров Денис Буладович', 'd.shagdurov', '79247576707', 'ИТ ЛАБОРАТОРИЯ', 'Техник-программист', NULL, 0),
(8, 'Иванов Иван', 'i.ivanov', '79247576707', 'ИТ ЛАБОРАТОРИЯ', 'Техник-программист', NULL, 0),
(14, NULL, NULL, '79247578800', NULL, NULL, 396948960, 0),
(16, NULL, NULL, '79025652736', NULL, NULL, 5031157629, 0);

--
-- Индексы сохранённых таблиц
--

--
-- Индексы таблицы `access`
--
ALTER TABLE `access`
  ADD PRIMARY KEY (`id`),
  ADD KEY `position_id` (`position_id`);

--
-- Индексы таблицы `department`
--
ALTER TABLE `department`
  ADD PRIMARY KEY (`id`);

--
-- Индексы таблицы `position`
--
ALTER TABLE `position`
  ADD PRIMARY KEY (`id`),
  ADD KEY `department_id` (`department_id`);

--
-- Индексы таблицы `userinfo`
--
ALTER TABLE `userinfo`
  ADD PRIMARY KEY (`id`);

--
-- AUTO_INCREMENT для сохранённых таблиц
--

--
-- AUTO_INCREMENT для таблицы `access`
--
ALTER TABLE `access`
  MODIFY `id` int NOT NULL AUTO_INCREMENT, AUTO_INCREMENT=283;

--
-- AUTO_INCREMENT для таблицы `department`
--
ALTER TABLE `department`
  MODIFY `id` int NOT NULL AUTO_INCREMENT, AUTO_INCREMENT=57;

--
-- AUTO_INCREMENT для таблицы `position`
--
ALTER TABLE `position`
  MODIFY `id` int NOT NULL AUTO_INCREMENT, AUTO_INCREMENT=504;

--
-- AUTO_INCREMENT для таблицы `userinfo`
--
ALTER TABLE `userinfo`
  MODIFY `id` int NOT NULL AUTO_INCREMENT, AUTO_INCREMENT=17;

--
-- Ограничения внешнего ключа сохраненных таблиц
--

--
-- Ограничения внешнего ключа таблицы `access`
--
ALTER TABLE `access`
  ADD CONSTRAINT `access_ibfk_1` FOREIGN KEY (`position_id`) REFERENCES `position` (`id`) ON DELETE RESTRICT ON UPDATE RESTRICT;

--
-- Ограничения внешнего ключа таблицы `position`
--
ALTER TABLE `position`
  ADD CONSTRAINT `position_ibfk_1` FOREIGN KEY (`department_id`) REFERENCES `department` (`id`) ON DELETE RESTRICT ON UPDATE RESTRICT;
COMMIT;

/*!40101 SET CHARACTER_SET_CLIENT=@OLD_CHARACTER_SET_CLIENT */;
/*!40101 SET CHARACTER_SET_RESULTS=@OLD_CHARACTER_SET_RESULTS */;
/*!40101 SET COLLATION_CONNECTION=@OLD_COLLATION_CONNECTION */;
